ticker,name,sector,indices,board
"AALI","Astra Agro Lestari Tbk.","","","Utama"
"ABBA","Mahaka Media Tbk.","","","Pemantauan Khusus"
"ABDA","Asuransi Bina Dana Arta Tbk.","","","Pengembangan"
"ABMM","ABM Investama Tbk.","","","Utama"
"ACES","Aspirasi Hidup Indonesia Tbk.","Consumer Cyclicals","LQ45|KOMPAS100","Utama"
"ACST","Acset Indonusa Tbk.","","","Pemantauan Khusus"
"ADES","Akasha Wira International Tbk.","","","Utama"
"ADHI","Adhi Karya (Persero) Tbk.","","","Utama"
"AISA","FKS Food Sejahtera Tbk.","","","Utama"
"AKKU","Anugerah Kagum Karya Utama Tbk","","","Pemantauan Khusus"
"AKPI","Argha Karya Prima Industry Tbk","","","Pengembangan"
"AKRA","AKR Corporindo Tbk.","Energy","LQ45|KOMPAS100","Utama"
"AKSI","Mineral Sumberdaya Mandiri Tbk","","","Pengembangan"
"ALDO","Alkindo Naratama Tbk.","","","Utama"
"ALKA","Alakasa Industrindo Tbk","","","Pengembangan"
"ALMI","Alumindo Light Metal Industry","","","Pemantauan Khusus"
"ALTO","Tri Banyan Tirta Tbk.","","","Pemantauan Khusus"
"AMAG","Asuransi Multi Artha Guna Tbk.","","","Utama"
"AMFG","Asahimas Flat Glass Tbk.","","","Pengembangan"
"AMIN","Ateliers Mecaniques D Indonesi","","","Pengembangan"
"AMRT","Sumber Alfaria Trijaya Tbk.","Consumer Non-Cyclicals","IDX30|LQ45|KOMPAS100","Utama"
"ANJT","Austindo Nusantara Jaya Tbk.","","","Pengembangan"
"ANTM","Aneka Tambang Tbk.","Basic Materials","IDX30|LQ45|KOMPAS100","Utama"
"APEX","Apexindo Pratama Duta Tbk.","","","Pengembangan"
"APIC","Pacific Strategic Financial Tb","","","Pengembangan"
"APII","Arita Prima Indonesia Tbk.","","","Pengembangan"
"APLI","Asiaplast Industries Tbk.","","","Pengembangan"
"APLN","Agung Podomoro Land Tbk.","","","Utama"
"ARGO","Argo Pantes Tbk","","","Pengembangan"
"ARII","Atlas Resources Tbk.","","","Pengembangan"
"ARNA","Arwana Citramulia Tbk.","","","Utama"
"ARTA","Arthavest Tbk","","","Pengembangan"
"ARTI","Ratu Prabu Energi Tbk","","","Pemantauan Khusus"
"ARTO","Bank Jago Tbk.","Financials","LQ45|KOMPAS100","Utama"
"ASBI","Asuransi Bintang Tbk.","","","Pengembangan"
"ASDM","Asuransi Dayin Mitra Tbk.","","","Pengembangan"
"ASGR","Astra Graphia Tbk.","","","Utama"
"ASII","Astra International Tbk.","Consumer Cyclicals","IDX30|LQ45|KOMPAS100","Utama"
"ASJT","Asuransi Jasa Tania Tbk.","","","Pengembangan"
"ASMI","Asuransi Maximus Graha Persada","","","Pemantauan Khusus"
"ASRI","Alam Sutera Realty Tbk.","","","Utama"
"ASRM","Asuransi Ramayana Tbk.","","","Pengembangan"
"ASSA","Adi Sarana Armada Tbk.","Transportation & Logistics","KOMPAS100","Utama"
"ATIC","Anabatic Technologies Tbk.","","","Pengembangan"
"AUTO","Astra Otoparts Tbk.","","","Utama"
"BABP","Bank MNC Internasional Tbk.","","","Pengembangan"
"BACA","Bank Capital Indonesia Tbk.","","","Utama"
"BAJA","Saranacentral Bajatama Tbk.","","","Pengembangan"
"BALI","Bali Towerindo Sentra Tbk.","","","Utama"
"BAPA","Bekasi Asri Pemula Tbk.","","","Pengembangan"
"BATA","Sepatu Bata Tbk.","","","Pemantauan Khusus"
"BAYU","Bayu Buana Tbk","","","Utama"
"BBCA","Bank Central Asia Tbk.","Financials","IDX30|LQ45|KOMPAS100","Utama"
"BBHI","Allo Bank Indonesia Tbk.","","","Utama"
"BBKP","Bank KB Indonesia Tbk.","","","Pengembangan"
"BBLD","Buana Finance Tbk.","","","Pengembangan"
"BBMD","Bank Mestika Dharma Tbk.","","","Utama"
"BBNI","Bank Negara Indonesia (Persero","Financials","IDX30|LQ45|KOMPAS100","Utama"
"BBRI","Bank Rakyat Indonesia (Persero","Financials","IDX30|LQ45|KOMPAS100","Utama"
"BBRM","Pelayaran Nasional Bina Buana","","","Pengembangan"
"BBTN","Bank Tabungan Negara (Persero)","Financials","KOMPAS100","Utama"
"BBYB","Bank Neo Commerce Tbk.","","","Utama"
"BCAP","MNC Kapital Indonesia Tbk.","","","Utama"
"BCIC","Bank JTrust Indonesia Tbk.","","","Pengembangan"
"BCIP","Bumi Citra Permai Tbk.","","","Pengembangan"
"BDMN","Bank Danamon Indonesia Tbk.","","","Utama"
"BEKS","Bank Pembangunan Daerah Banten","","","Pemantauan Khusus"
"BEST","Bekasi Fajar Industrial Estate","","","Utama"
"BFIN","BFI Finance Indonesia Tbk.","","","Utama"
"BGTG","Bank Ganesha Tbk.","","","Utama"
"BHIT","MNC Asia Holding Tbk.","","","Pemantauan Khusus"
"BIKA","Binakarya Jaya Abadi Tbk.","","","Pemantauan Khusus"
"BIMA","Primarindo Asia Infrastructure","","","Pemantauan Khusus"
"BINA","Bank Ina Perdana Tbk.","","","Utama"
"BIPI","Astrindo Nusantara Infrastrukt","","","Pengembangan"
"BIPP","Bhuwanatala Indah Permai Tbk.","","","Pengembangan"
"BIRD","Blue Bird Tbk.","Transportation & Logistics","KOMPAS100","Utama"
"BISI","BISI International Tbk.","","","Utama"
"BJBR","Bank Pembangunan Daerah Jawa B","","","Utama"
"BJTM","Bank Pembangunan Daerah Jawa T","","","Utama"
"BKDP","Bukit Darmo Property Tbk","","","Pengembangan"
"BKSL","Sentul City Tbk.","","","Utama"
"BKSW","Bank QNB Indonesia Tbk.","","","Pengembangan"
"BLTA","Berlian Laju Tanker Tbk","","","Pemantauan Khusus"
"BLTZ","Graha Layar Prima Tbk.","","","Pemantauan Khusus"
"BMAS","Bank Maspion Indonesia Tbk.","","","Pengembangan"
"BMRI","Bank Mandiri (Persero) Tbk.","Financials","IDX30|LQ45|KOMPAS100","Utama"
"BMSR","Bintang Mitra Semestaraya Tbk","","","Pengembangan"
"BMTR","Global Mediacom Tbk.","","","Utama"
"BNBA","Bank Bumi Arta Tbk.","","","Pengembangan"
"BNBR","Bakrie & Brothers Tbk","","","Pengembangan"
"BNGA","Bank CIMB Niaga Tbk.","Financials","KOMPAS100","Utama"
"BNII","Bank Maybank Indonesia Tbk.","","","Utama"
"BNLI","Bank Permata Tbk.","","","Utama"
"BOLT","Garuda Metalindo Tbk.","","","Pengembangan"
"BPFI","Woori Finance Indonesia Tbk.","","","Pengembangan"
"BPII","Batavia Prosperindo Internasio","","","Pengembangan"
"BRAM","Indo Kordsa Tbk.","","","Pengembangan"
"BRMS","Bumi Resources Minerals Tbk.","","","Utama"
"BRNA","Berlina Tbk.","","","Pengembangan"
"BRPT","Barito Pacific Tbk.","Basic Materials","IDX30|LQ45|KOMPAS100","Utama"
"BSDE","Bumi Serpong Damai Tbk.","Properties & Real Estate","LQ45|KOMPAS100","Utama"
"BSIM","Bank Sinarmas Tbk.","","","Utama"
"BSSR","Baramulti Suksessarana Tbk.","","","Utama"
"BSWD","Bank Of India Indonesia Tbk.","","","Pemantauan Khusus"
"BTEK","Bumi Teknokultura Unggul Tbk","","","Pemantauan Khusus"
"BTEL","Bakrie Telecom Tbk.","","","Pemantauan Khusus"
"BTON","Betonjaya Manunggal Tbk.","","","Pengembangan"
"BTPN","Bank SMBC Indonesia Tbk.","","","Utama"
"BUDI","Budi Starch & Sweetener Tbk.","","","Utama"
"BUKK","Bukaka Teknik Utama Tbk.","","","Pengembangan"
"BULL","Buana Lintas Lautan Tbk.","","","Pengembangan"
"BUMI","Bumi Resources Tbk.","","","Utama"
"BUVA","Bukit Uluwatu Villa Tbk.","","","Pengembangan"
"BVIC","Bank Victoria International Tb","","","Utama"
"BWPT","Eagle High Plantations Tbk.","","","Utama"
"BYAN","Bayan Resources Tbk.","","","Utama"
"CANI","Capitol Nusantara Indonesia Tb","","","Pemantauan Khusus"
"CASS","Cahaya Aero Services Tbk.","","","Utama"
"CEKA","Wilmar Cahaya Indonesia Tbk.","","","Pengembangan"
"CENT","Centratama Telekomunikasi Indo","","","Pengembangan"
"CFIN","Clipan Finance Indonesia Tbk.","","","Utama"
"CINT","Chitose Internasional Tbk.","","","Pengembangan"
"CITA","Cita Mineral Investindo Tbk.","","","Utama"
"CLPI","Colorpak Indonesia Tbk.","","","Pengembangan"
"CMNP","Citra Marga Nusaphala Persada","","","Utama"
"CMPP","AirAsia Indonesia Tbk.","","","Pemantauan Khusus"
"CNKO","Exploitasi Energi Indonesia Tb","","","Pemantauan Khusus"
"CNTX","Century Textile Industry Tbk.","","","Pemantauan Khusus"
"COWL","Cowell Development Tbk.","","","Pemantauan Khusus"
"CPIN","Charoen Pokphand Indonesia Tbk","Consumer Non-Cyclicals","IDX30|LQ45|KOMPAS100","Utama"
"CPRO","Central Proteina Prima Tbk.","","","Pengembangan"
"CSAP","Catur Sentosa Adiprana Tbk.","","","Pemantauan Khusus"
"CTBN","Citra Tubindo Tbk.","","","Pengembangan"
"CTRA","Ciputra Development Tbk.","Properties & Real Estate","LQ45|KOMPAS100","Utama"
"CTTH","Citatah Tbk.","","","Pengembangan"
"DART","Duta Anggada Realty Tbk.","","","Pengembangan"
"DEFI","Danasupra Erapacific Tbk.","","","Pengembangan"
"DEWA","Darma Henwa Tbk","","","Utama"
"DGIK","Nusa Konstruksi Enjiniring Tbk","","","Pengembangan"
"DILD","Intiland Development Tbk.","","","Utama"
"DKFT","Central Omega Resources Tbk.","","","Utama"
"DLTA","Delta Djakarta Tbk.","","","Utama"
"DMAS","Puradelta Lestari Tbk.","","","Utama"
"DNAR","Bank Oke Indonesia Tbk.","","","Pengembangan"
"DNET","Indoritel Makmur Internasional","","","Utama"
"DOID","BUMA Internasional Grup Tbk.","","","Pengembangan"
"DPNS","Duta Pertiwi Nusantara Tbk.","","","Pengembangan"
"DSFI","Dharma Samudera Fishing Indust","","","Pengembangan"
"DSNG","Dharma Satya Nusantara Tbk.","","","Utama"
"DSSA","Dian Swastatika Sentosa Tbk","","","Utama"
"DUTI","Duta Pertiwi Tbk","","","Pemantauan Khusus"
"DVLA","Darya-Varia Laboratoria Tbk.","","","Pengembangan"
"DYAN","Dyandra Media International Tb","","","Pengembangan"
"ECII","Electronic City Indonesia Tbk.","","","Pengembangan"
"EKAD","Ekadharma International Tbk.","","","Pengembangan"
"ELSA","Elnusa Tbk.","","","Utama"
"ELTY","Bakrieland Development Tbk.","","","Pemantauan Khusus"
"EMDE","Megapolitan Developments Tbk.","","","Pengembangan"
"EMTK","Elang Mahkota Teknologi Tbk.","Technology","KOMPAS100","Utama"
"ENRG","Energi Mega Persada Tbk.","","","Utama"
"EPMT","Enseval Putera Megatrading Tbk","","","Utama"
"ERAA","Erajaya Swasembada Tbk.","Consumer Cyclicals","KOMPAS100","Utama"
"ERTX","Eratex Djaja Tbk.","","","Pengembangan"
"ESSA","ESSA Industries Indonesia Tbk.","Basic Materials","LQ45|KOMPAS100","Utama"
"ESTI","Ever Shine Tex Tbk.","","","Pengembangan"
"ETWA","Eterindo Wahanatama Tbk","","","Pemantauan Khusus"
"EXCL","XLSMART Telecom Sejahtera Tbk.","Infrastructures","LQ45|KOMPAS100","Utama"
"FAST","Fast Food Indonesia Tbk.","","","Pengembangan"
"FASW","Fajar Surya Wisesa Tbk.","","","Pemantauan Khusus"
"FISH","FKS Multi Agro Tbk.","","","Utama"
"FMII","Fortune Mate Indonesia Tbk","","","Pengembangan"
"FORU","Fortune Indonesia Tbk","","","Pengembangan"
"FPNI","Lotte Chemical Titan Tbk.","","","Pengembangan"
"GAMA","Aksara Global Development Tbk.","","","Pemantauan Khusus"
"GDST","Gunawan Dianjaya Steel Tbk.","","","Pengembangan"
"GDYR","Goodyear Indonesia Tbk.","","","Pengembangan"
"GEMA","Gema Grahasarana Tbk.","","","Pengembangan"
"GEMS","Golden Energy Mines Tbk.","","","Utama"
"GGRM","Gudang Garam Tbk.","Consumer Non-Cyclicals","KOMPAS100","Utama"
"GIAA","Garuda Indonesia (Persero) Tbk","","","Pengembangan"
"GJTL","Gajah Tunggal Tbk.","","","Utama"
"GLOB","Globe Kita Terang Tbk.","","","Pemantauan Khusus"
"GMTD","Gowa Makassar Tourism Developm","","","Pengembangan"
"GOLD","Visi Telekomunikasi Infrastruk","","","Pengembangan"
"GOLL","Golden Plantation Tbk.","","","Pemantauan Khusus"
"GPRA","Perdana Gapuraprima Tbk.","","","Pengembangan"
"GSMF","Equity Development Investment","","","Pengembangan"
"GTBO","Garda Tujuh Buana Tbk","","","Pengembangan"
"GWSA","Greenwood Sejahtera Tbk.","","","Pengembangan"
"GZCO","Gozco Plantations Tbk.","","","Utama"
"HADE","Himalaya Energi Perkasa Tbk.","","","Pemantauan Khusus"
"HDFA","Radana Bhaskara Finance Tbk.","","","Pengembangan"
"HERO","DFI Retail Nusantara Tbk.","","","Utama"
"HEXA","Hexindo Adiperkasa Tbk.","","","Utama"
"HITS","Humpuss Intermoda Transportasi","","","Pemantauan Khusus"
"HMSP","H.M. Sampoerna Tbk.","Consumer Non-Cyclicals","KOMPAS100","Utama"
"HOME","Hotel Mandarine Regency Tbk.","","","Pemantauan Khusus"
"HOTL","Saraswati Griya Lestari Tbk.","","","Pemantauan Khusus"
"HRUM","Harum Energy Tbk.","Energy","KOMPAS100","Utama"
"IATA","MNC Energy Investments Tbk.","","","Pengembangan"
"IBFN","Intan Baru Prana Tbk.","","","Pemantauan Khusus"
"IBST","Inti Bangun Sejahtera Tbk.","","","Pemantauan Khusus"
"ICBP","Indofood CBP Sukses Makmur Tbk","Consumer Non-Cyclicals","IDX30|LQ45|KOMPAS100","Utama"
"ICON","Island Concepts Indonesia Tbk.","","","Pengembangan"
"IGAR","Champion Pacific Indonesia Tbk","","","Pengembangan"
"IIKP","Inti Agri Resources Tbk","","","Pemantauan Khusus"
"IKAI","Intikeramik Alamasri Industri","","","Pemantauan Khusus"
"IKBI","Sumi Indo Kabel Tbk.","","","Pengembangan"
"IMAS","Indomobil Sukses Internasional","","","Utama"
"IMJS","Indomobil Multi Jasa Tbk.","","","Pengembangan"
"IMPC","Impack Pratama Industri Tbk.","","","Utama"
"INAF","Indofarma Tbk.","","","Pemantauan Khusus"
"INAI","Indal Aluminium Industry Tbk.","","","Pengembangan"
"INCI","Intanwijaya Internasional Tbk","","","Pengembangan"
"INCO","Vale Indonesia Tbk.","Basic Materials","LQ45|KOMPAS100","Utama"
"INDF","Indofood Sukses Makmur Tbk.","Consumer Non-Cyclicals","IDX30|LQ45|KOMPAS100","Utama"
"INDR","Indo-Rama Synthetics Tbk.","","","Pengembangan"
"INDS","Indospring Tbk.","","","Pengembangan"
"INDX","Tanah Laut Tbk","","","Pengembangan"
"INDY","Indika Energy Tbk.","","","Utama"
"INKP","Indah Kiat Pulp & Paper Tbk.","Basic Materials","IDX30|LQ45|KOMPAS100","Utama"
"INPC","Bank Artha Graha Internasional","","","Utama"
"INPP","Indonesian Paradise Property T","","","Pengembangan"
"INRU","Toba Pulp Lestari Tbk.","","","Pemantauan Khusus"
"INTA","Intraco Penta Tbk.","","","Pemantauan Khusus"
"INTD","Inter Delta Tbk","","","Pengembangan"
"INTP","Indocement Tunggal Prakarsa Tb","Basic Materials","LQ45|KOMPAS100","Utama"
"IPOL","Indopoly Swakarsa Industry Tbk","","","Pengembangan"
"ISAT","Indosat Tbk.","Infrastructures","LQ45|KOMPAS100","Utama"
"ISSP","Steel Pipe Industry of Indones","","","Utama"
"ITMA","Sumber Energi Andalan Tbk.","","","Pengembangan"
"ITMG","Indo Tambangraya Megah Tbk.","Energy","LQ45|KOMPAS100","Utama"
"JAWA","Jaya Agra Wattie Tbk.","","","Pengembangan"
"JECC","Jembo Cable Company Tbk.","","","Pemantauan Khusus"
"JIHD","Jakarta International Hotels &","","","Utama"
"JKON","Jaya Konstruksi Manggala Prata","","","Utama"
"JPFA","Japfa Comfeed Indonesia Tbk.","Consumer Non-Cyclicals","LQ45|KOMPAS100","Utama"
"JRPT","Jaya Real Property Tbk.","","","Utama"
"JSMR","Jasa Marga (Persero) Tbk.","Infrastructures","LQ45|KOMPAS100","Utama"
"JSPT","Jakarta Setiabudi Internasiona","","","Utama"
"JTPE","Jasuindo Tiga Perkasa Tbk.","","","Utama"
"KAEF","Kimia Farma Tbk.","","","Pengembangan"
"KARW","Meratus Jasa Prima Tbk.","","","Pemantauan Khusus"
"KBLI","KMI Wire & Cable Tbk.","","","Utama"
"KBLM","Kabelindo Murni Tbk.","","","Pengembangan"
"KBLV","First Media Tbk.","","","Pengembangan"
"KBRI","Kertas Basuki Rachmat Indonesi","","","Pemantauan Khusus"
"KDSI","Kedawung Setia Industrial Tbk.","","","Pengembangan"
"KIAS","Keramika Indonesia Assosiasi T","","","Pemantauan Khusus"
"KICI","Kedaung Indah Can Tbk","","","Pengembangan"
"KIJA","Kawasan Industri Jababeka Tbk.","","","Utama"
"KKGI","Resource Alam Indonesia Tbk.","","","Utama"
"KLBF","Kalbe Farma Tbk.","Healthcare","IDX30|LQ45|KOMPAS100","Utama"
"KOBX","Kobexindo Tractors Tbk.","","","Pengembangan"
"KOIN","Kokoh Inti Arebama Tbk","","","Pemantauan Khusus"
"KONI","Perdana Bangun Pusaka Tbk","","","Pengembangan"
"KOPI","Mitra Energi Persada Tbk.","","","Pengembangan"
"KPIG","MNC Tourism Indonesia Tbk.","","","Utama"
"KRAS","Krakatau Steel (Persero) Tbk.","","","Pengembangan"
"KREN","Quantum Clovera Investama Tbk.","","","Pemantauan Khusus"
"LAPD","Leyand International Tbk.","","","Pengembangan"
"LCGP","Eureka Prima Jakarta Tbk.","","","Pemantauan Khusus"
"LEAD","Logindo Samudramakmur Tbk.","","","Pengembangan"
"LINK","Link Net Tbk.","","","Pengembangan"
"LION","Lion Metal Works Tbk.","","","Pengembangan"
"LMAS","Limas Indonesia Makmur Tbk","","","Pemantauan Khusus"
"LMPI","Langgeng Makmur Industri Tbk.","","","Pengembangan"
"LMSH","Lionmesh Prima Tbk.","","","Pemantauan Khusus"
"LPCK","Lippo Cikarang Tbk","","","Utama"
"LPGI","Lippo General Insurance Tbk.","","","Pengembangan"
"LPIN","Multi Prima Sejahtera Tbk","","","Pengembangan"
"LPKR","Lippo Karawaci Tbk.","","","Utama"
"LPLI","Star Pacific Tbk","","","Pengembangan"
"LPPF","MDS Retailing Tbk.","","","Utama"
"LPPS","Lenox Pasifik Investama Tbk.","","","Pengembangan"
"LRNA","Eka Sari Lorena Transport Tbk.","","","Pengembangan"
"LSIP","PP London Sumatra Indonesia Tb","","","Utama"
"LTLS","Lautan Luas Tbk.","","","Utama"
"MAGP","Multi Agro Gemilang Plantation","","","Pemantauan Khusus"
"MAIN","Malindo Feedmill Tbk.","","","Utama"
"MAPI","Mitra Adiperkasa Tbk.","Consumer Cyclicals","LQ45|KOMPAS100","Utama"
"MAYA","Bank Mayapada Internasional Tb","","","Utama"
"MBAP","Mitrabara Adiperdana Tbk.","","","Pengembangan"
"MBSS","Mitrabahtera Segara Sejati Tbk","","","Utama"
"MBTO","Martina Berto Tbk.","","","Pengembangan"
"MCOR","Bank China Construction Bank I","","","Utama"
"MDIA","Intermedia Capital Tbk.","","","Pengembangan"
"MDKA","Merdeka Copper Gold Tbk.","Basic Materials","IDX30|LQ45|KOMPAS100","Utama"
"MDLN","Modernland Realty Tbk.","","","Pengembangan"
"MDRN","Modern Internasional Tbk.","","","Pemantauan Khusus"
"MEDC","Medco Energi Internasional Tbk","Energy","IDX30|LQ45|KOMPAS100","Utama"
"MEGA","Bank Mega Tbk.","","","Utama"
"MERK","Merck Tbk.","","","Utama"
"META","Nusantara Infrastructure Tbk.","","","Pengembangan"
"MFMI","Multifiling Mitra Indonesia Tb","","","Pemantauan Khusus"
"MGNA","Magna Investama Mandiri Tbk.","","","Pengembangan"
"MICE","Multi Indocitra Tbk.","","","Pengembangan"
"MIDI","Midi Utama Indonesia Tbk.","","","Utama"
"MIKA","Mitra Keluarga Karyasehat Tbk.","Healthcare","LQ45|KOMPAS100","Utama"
"MIRA","Mitra International Resources","","","Pemantauan Khusus"
"MITI","Mitra Investindo Tbk.","","","Pengembangan"
"MKPI","Metropolitan Kentjana Tbk.","","","Pengembangan"
"MLBI","Multi Bintang Indonesia Tbk.","","","Utama"
"MLIA","Mulia Industrindo Tbk","","","Pemantauan Khusus"
"MLPL","Multipolar Tbk.","","","Utama"
"MLPT","Multipolar Technology Tbk.","","","Pengembangan"
"MMLP","Mega Manunggal Property Tbk.","","","Pengembangan"
"MNCN","Media Nusantara Citra Tbk.","Consumer Cyclicals","KOMPAS100","Utama"
"MPMX","Mitra Pinasthika Mustika Tbk.","","","Utama"
"MPPA","Matahari Putra Prima Tbk.","","","Pemantauan Khusus"
"MRAT","Mustika Ratu Tbk.","","","Pengembangan"
"MREI","Maskapai Reasuransi Indonesia","","","Pengembangan"
"MSKY","MNC Sky Vision Tbk.","","","Pengembangan"
"MTDL","Metrodata Electronics Tbk.","","","Utama"
"MTFN","Capitalinc Investment Tbk.","","","Pemantauan Khusus"
"MTLA","Metropolitan Land Tbk.","","","Utama"
"MTSM","Metro Realty Tbk.","","","Pemantauan Khusus"
"MYOH","Samindo Resources Tbk.","","","Pengembangan"
"MYOR","Mayora Indah Tbk.","Consumer Non-Cyclicals","KOMPAS100","Utama"
"MYTX","Asia Pacific Investama Tbk.","","","Pemantauan Khusus"
"NELY","Pelayaran Nelly Dwi Putri Tbk.","","","Pengembangan"
"NIKL","Pelat Timah Nusantara Tbk.","","","Pengembangan"
"NIRO","City Retail Developments Tbk.","","","Pengembangan"
"NISP","Bank OCBC NISP Tbk.","","","Utama"
"NOBU","Bank Nationalnobu Tbk.","","","Utama"
"NRCA","Nusa Raya Cipta Tbk.","","","Pengembangan"
"OCAP","Onix Capital Tbk.","","","Pemantauan Khusus"
"OKAS","Ancora Indonesia Resources Tbk","","","Pengembangan"
"OMRE","Indonesia Prima Property Tbk","","","Pengembangan"
"PADI","Minna Padi Investama Sekuritas","","","Pengembangan"
"PALM","Provident Investasi Bersama Tb","","","Utama"
"PANR","Panorama Sentrawisata Tbk.","","","Pengembangan"
"PANS","Panin Sekuritas Tbk.","","","Utama"
"PBRX","Pan Brothers Tbk.","","","Pemantauan Khusus"
"PDES","Destinasi Tirta Nusantara Tbk","","","Pengembangan"
"PEGE","Panca Global Kapital Tbk.","","","Pengembangan"
"PGAS","Perusahaan Gas Negara (Persero","Energy","IDX30|LQ45|KOMPAS100","Utama"
"PGLI","Pembangunan Graha Lestari Inda","","","Pengembangan"
"PICO","Pelangi Indah Canindo Tbk","","","Pengembangan"
"PJAA","Pembangunan Jaya Ancol Tbk.","","","Pengembangan"
"PKPK","Paragon Karya Perkasa Tbk.","","","Pengembangan"
"PLAS","Polaris Investama Tbk","","","Pemantauan Khusus"
"PLIN","Plaza Indonesia Realty Tbk.","","","Pemantauan Khusus"
"PNBN","Bank Pan Indonesia Tbk","","","Utama"
"PNBS","Bank Panin Dubai Syariah Tbk.","","","Pengembangan"
"PNIN","Paninvest Tbk.","","","Utama"
"PNLF","Panin Financial Tbk.","","","Utama"
"PSAB","J Resources Asia Pasifik Tbk.","","","Pengembangan"
"PSDN","Prasidha Aneka Niaga Tbk","","","Pengembangan"
"PSKT","Red Planet Indonesia Tbk.","","","Pengembangan"
"PTBA","Bukit Asam (Persero) Tbk.","Energy","IDX30|LQ45|KOMPAS100","Utama"
"PTIS","Indo Straits Tbk.","","","Pengembangan"
"PTPP","PP (Persero) Tbk.","","","Utama"
"PTRO","Petrosea Tbk.","","","Utama"
"PTSN","Sat Nusapersada Tbk","","","Pengembangan"
"PTSP","Pioneerindo Gourmet Internatio","","","Pengembangan"
"PUDP","Pudjiadi Prestige Tbk.","","","Pengembangan"
"PWON","Pakuwon Jati Tbk.","Properties & Real Estate","LQ45|KOMPAS100","Utama"
"PYFA","Pyridam Farma Tbk","","","Pengembangan"
"RAJA","Rukun Raharja Tbk.","","","Utama"
"RALS","Ramayana Lestari Sentosa Tbk.","","","Utama"
"RANC","Supra Boga Lestari Tbk.","","","Pengembangan"
"RBMS","Ristia Bintang Mahkotasejati T","","","Pengembangan"
"RDTX","Roda Vivatex Tbk","","","Pengembangan"
"RELI","Reliance Sekuritas Indonesia T","","","Pengembangan"
"RICY","Ricky Putra Globalindo Tbk","","","Pengembangan"
"RIGS","Rig Tenders Indonesia Tbk.","","","Pengembangan"
"RIMO","Rimo International Lestari Tbk","","","Pemantauan Khusus"
"RODA","Pikko Land Development Tbk.","","","Pengembangan"
"ROTI","Nippon Indosari Corpindo Tbk.","","","Pengembangan"
"RUIS","Radiant Utama Interinsco Tbk.","","","Pengembangan"
"SAFE","Steady Safe Tbk","","","Pengembangan"
"SAME","Sarana Meditama Metropolitan T","","","Utama"
"SCCO","Supreme Cable Manufacturing &","","","Pengembangan"
"SCMA","Surya Citra Media Tbk.","Consumer Cyclicals","KOMPAS100","Utama"
"SCPI","Organon Pharma Indonesia Tbk.","","","Pemantauan Khusus"
"SDMU","Sidomulyo Selaras Tbk.","","","Pengembangan"
"SDPC","Millennium Pharmacon Internati","","","Pengembangan"
"SDRA","Bank Woori Saudara Indonesia 1","","","Pengembangan"
"SGRO","Prime Agri Resources Tbk.","","","Utama"
"SHID","Hotel Sahid Jaya International","","","Pengembangan"
"SIDO","Industri Jamu dan Farmasi Sido","Healthcare","LQ45|KOMPAS100","Utama"
"SILO","Siloam International Hospitals","Healthcare","KOMPAS100","Utama"
"SIMA","Siwani Makmur Tbk","","","Pemantauan Khusus"
"SIMP","Salim Ivomas Pratama Tbk.","","","Utama"
"SIPD","Sreeya Sewu Indonesia Tbk.","","","Pengembangan"
"SKBM","Sekar Bumi Tbk.","","","Pengembangan"
"SKLT","Sekar Laut Tbk.","","","Pengembangan"
"SKYB","Northcliff Citranusa Indonesia","","","Pemantauan Khusus"
"SMAR","Sinar Mas Agro Resources and T","","","Utama"
"SMBR","Semen Baturaja (Persero) Tbk.","","","Utama"
"SMCB","Solusi Bangun Indonesia Tbk.","","","Pemantauan Khusus"
"SMDM","Suryamas Dutamakmur Tbk.","","","Pengembangan"
"SMDR","Samudera Indonesia Tbk.","","","Utama"
"SMGR","Semen Indonesia (Persero) Tbk.","Basic Materials","IDX30|LQ45|KOMPAS100","Utama"
"SMMA","Sinarmas Multiartha Tbk.","","","Pengembangan"
"SMMT","Golden Eagle Energy Tbk.","","","Pengembangan"
"SMRA","Summarecon Agung Tbk.","Properties & Real Estate","KOMPAS100","Utama"
"SMRU","SMR Utama Tbk.","","","Pemantauan Khusus"
"SMSM","Selamat Sempurna Tbk.","","","Utama"
"SOCI","Soechi Lines Tbk.","","","Pengembangan"
"SONA","Sona Topas Tourism Industry Tb","","","Pengembangan"
"SPMA","Suparma Tbk.","","","Pengembangan"
"SQMI","Wilton Makmur Indonesia Tbk.","","","Pemantauan Khusus"
"SRAJ","Sejahteraraya Anugrahjaya Tbk.","","","Pengembangan"
"SRIL","Sri Rejeki Isman Tbk.","","","Pemantauan Khusus"
"SRSN","Indo Acidatama Tbk","","","Pengembangan"
"SRTG","Saratoga Investama Sedaya Tbk.","","","Utama"
"SSIA","Surya Semesta Internusa Tbk.","","","Utama"
"SSMS","Sawit Sumbermas Sarana Tbk.","","","Utama"
"SSTM","Sunson Textile Manufacture Tbk","","","Pengembangan"
"STAR","Calculus Global Ventures Tbk.","","","Pengembangan"
"STTP","Siantar Top Tbk.","","","Pengembangan"
"SUGI","Sugih Energy Tbk.","","","Pemantauan Khusus"
"SULI","SLJ Global Tbk.","","","Pengembangan"
"SUPR","Solusi Tunas Pratama Tbk.","","","Pemantauan Khusus"
"TALF","Tunas Alfin Tbk.","","","Pengembangan"
"TARA","Agung Semesta Sejahtera Tbk.","","","Pemantauan Khusus"
"TAXI","Express Transindo Utama Tbk.","","","Pemantauan Khusus"
"TBIG","Tower Bersama Infrastructure T","Infrastructures","KOMPAS100","Utama"
"TBLA","Tunas Baru Lampung Tbk.","","","Utama"
"TBMS","Tembaga Mulia Semanan Tbk.","","","Pengembangan"
"TCID","Mandom Indonesia Tbk.","","","Pengembangan"
"TELE","Omni Inovasi Indonesia Tbk.","","","Pemantauan Khusus"
"TFCO","Tifico Fiber Indonesia Tbk.","","","Pemantauan Khusus"
"TGKA","Tigaraksa Satria Tbk.","","","Pengembangan"
"TIFA","KDB Tifa Finance Tbk.","","","Pengembangan"
"TINS","Timah Tbk.","Basic Materials","KOMPAS100","Utama"
"TIRA","Tira Austenite Tbk","","","Pengembangan"
"TIRT","Tirta Mahakam Resources Tbk","","","Pemantauan Khusus"
"TKIM","Pabrik Kertas Tjiwi Kimia Tbk.","","","Utama"
"TLKM","Telkom Indonesia (Persero) Tbk","Infrastructures","IDX30|LQ45|KOMPAS100","Utama"
"TMAS","Temas Tbk.","","","Utama"
"TMPO","Tempo Intimedia Tbk.","","","Pengembangan"
"TOBA","TBS Energi Utama Tbk.","","","Utama"
"TOTL","Total Bangun Persada Tbk.","","","Utama"
"TOTO","Surya Toto Indonesia Tbk.","","","Utama"
"TOWR","Sarana Menara Nusantara Tbk.","Infrastructures","LQ45|KOMPAS100","Utama"
"TPIA","Chandra Asri Pacific Tbk.","Basic Materials","IDX30|LQ45|KOMPAS100","Utama"
"TPMA","Trans Power Marine Tbk.","","","Utama"
"TRAM","Trada Alam Minera Tbk.","","","Pemantauan Khusus"
"TRIL","Triwira Insanlestari Tbk.","","","Pemantauan Khusus"
"TRIM","Trimegah Sekuritas Indonesia T","","","Utama"
"TRIO","Trikomsel Oke Tbk.","","","Pemantauan Khusus"
"TRIS","Trisula International Tbk.","","","Pengembangan"
"TRST","Trias Sentosa Tbk.","","","Pengembangan"
"TRUS","Trust Finance Indonesia Tbk","","","Pengembangan"
"TSPC","Tempo Scan Pacific Tbk.","","","Utama"
"ULTJ","Ultrajaya Milk Industry & Trad","Consumer Non-Cyclicals","KOMPAS100","Utama"
"UNIC","Unggul Indah Cahaya Tbk.","","","Utama"
"UNIT","Nusantara Inti Corpora Tbk","","","Pengembangan"
"UNSP","Bakrie Sumatera Plantations Tb","","","Pemantauan Khusus"
"UNTR","United Tractors Tbk.","Industrials","IDX30|LQ45|KOMPAS100","Utama"
"UNVR","Unilever Indonesia Tbk.","Consumer Non-Cyclicals","IDX30|LQ45|KOMPAS100","Utama"
"VICO","Victoria Investama Tbk.","","","Utama"
"VINS","Victoria Insurance Tbk.","","","Pengembangan"
"VIVA","Visi Media Asia Tbk.","","","Pemantauan Khusus"
"VOKS","Voksel Electric Tbk.","","","Pengembangan"
"VRNA","Mizuho Leasing Indonesia Tbk.","","","Pengembangan"
"WAPO","Wahana Pronatural Tbk.","","","Pengembangan"
"WEHA","WEHA Transportasi Indonesia Tb","","","Pengembangan"
"WICO","Wicaksana Overseas Internation","","","Pemantauan Khusus"
"WIIM","Wismilak Inti Makmur Tbk.","","","Utama"
"WIKA","Wijaya Karya (Persero) Tbk.","","","Pemantauan Khusus"
"WINS","Wintermar Offshore Marine Tbk.","","","Utama"
"WOMF","Wahana Ottomitra Multiartha Tb","","","Pengembangan"
"WSKT","Waskita Karya (Persero) Tbk.","","","Pemantauan Khusus"
"WTON","Wijaya Karya Beton Tbk.","","","Utama"
"YPAS","Yanaprima Hastapersada Tbk","","","Pengembangan"
"YULE","Yulie Sekuritas Indonesia Tbk.","","","Pengembangan"
"ZBRA","Dosni Roha Indonesia Tbk.","","","Pemantauan Khusus"
"SHIP","Sillo Maritime Perdana Tbk.","","","Utama"
"CASA","Capital Financial Indonesia Tb","","","Pengembangan"
"DAYA","Duta Intidaya Tbk.","","","Pengembangan"
"DPUM","Dua Putra Utama Makmur Tbk.","","","Pengembangan"
"IDPR","Indonesia Pondasi Raya Tbk.","","","Pengembangan"
"JGLE","Graha Andrasentra Propertindo","","","Pengembangan"
"KINO","Kino Indonesia Tbk.","","","Pengembangan"
"MARI","Mahaka Radio Integra Tbk.","","","Pemantauan Khusus"
"MKNT","Mitra Komunikasi Nusantara Tbk","","","Pemantauan Khusus"
"MTRA","Mitra Pemuda Tbk.","","","Pemantauan Khusus"
"OASA","Maharaksa Biru Energi Tbk.","","","Pengembangan"
"POWR","Cikarang Listrindo Tbk.","","","Utama"
"INCF","Indo Komoditi Korpora Tbk.","","","Pengembangan"
"WSBP","Waskita Beton Precast Tbk.","","","Pemantauan Khusus"
"PBSA","Paramita Bangun Sarana Tbk.","","","Pengembangan"
"PRDA","Prodia Widyahusada Tbk.","","","Utama"
"BOGA","Apollo Global Interactive Tbk.","","","Pengembangan"
"BRIS","Bank Syariah Indonesia (Perser","Financials","IDX30|LQ45|KOMPAS100","Utama"
"PORT","Nusantara Pelabuhan Handal Tbk","","","Utama"
"CARS","Industri dan Perdagangan Bintr","","","Utama"
"MINA","Sanurhasta Mitra Tbk.","","","Pengembangan"
"CLEO","Sariguna Primatirta Tbk.","","","Utama"
"TAMU","Pelayaran Tamarin Samudra Tbk.","","","Pemantauan Khusus"
"CSIS","Cahayasakti Investindo Sukses","","","Pengembangan"
"TGRA","Terregra Asia Energy Tbk.","","","Pemantauan Khusus"
"FIRE","Alfa Energi Investama Tbk.","","","Pengembangan"
"TOPS","Totalindo Eka Persada Tbk.","","","Pemantauan Khusus"
"KMTR","Kirana Megatara Tbk.","","","Pengembangan"
"ARMY","Armidian Karyatama Tbk.","","","Pemantauan Khusus"
"MAPB","MAP Boga Adiperkasa Tbk.","","","Pemantauan Khusus"
"WOOD","Integra Indocabinet Tbk.","","","Utama"
"HRTA","Hartadinata Abadi Tbk.","","","Utama"
"MABA","Marga Abhinaya Abadi Tbk.","","","Pemantauan Khusus"
"HOKI","Buyung Poetra Sembada Tbk.","","","Pengembangan"
"MPOW","Megapower Makmur Tbk.","","","Pengembangan"
"MARK","Mark Dynamics Indonesia Tbk.","","","Utama"
"NASA","Andalan Perkasa Abadi Tbk.","","","Pemantauan Khusus"
"MDKI","Emdeki Utama Tbk.","","","Pengembangan"
"BELL","Trisula Textile Industries Tbk","","","Pengembangan"
"KIOS","Kioson Komersial Indonesia Tbk","","","Pengembangan"
"GMFI","Garuda Maintenance Facility Ae","","","Pengembangan"
"MTWI","Malacca Trust Wuwungan Insuran","","","Pengembangan"
"ZINC","Kapuas Prima Coal Tbk.","","","Pemantauan Khusus"
"MCAS","M Cash Integrasi Tbk.","","","Pengembangan"
"PPRE","PP Presisi Tbk.","","","Pengembangan"
"WEGE","Wijaya Karya Bangunan Gedung T","","","Pengembangan"
"PSSI","IMC Pelita Logistik Tbk.","","","Utama"
"MORA","Ekamas Mora Republik Tbk.","","","Utama"
"DWGL","Dwi Guna Laksana Tbk.","","","Pengembangan"
"PBID","Panca Budi Idaman Tbk.","","","Utama"
"JMAS","Asuransi Jiwa Syariah Jasa Mit","","","Pengembangan"
"CAMP","Campina Ice Cream Industry Tbk","","","Pengembangan"
"IPCM","Jasa Armada Indonesia Tbk.","","","Utama"
"PCAR","Prima Cakrawala Abadi Tbk.","","","Pemantauan Khusus"
"LCKM","LCK Global Kedaton Tbk.","","","Pengembangan"
"BOSS","Borneo Olah Sarana Sukses Tbk.","","","Pemantauan Khusus"
"HELI","Jaya Trishindo Tbk.","","","Pengembangan"
"JSKY","Sky Energy Indonesia Tbk.","","","Pemantauan Khusus"
"INPS","Indah Prakasa Sentosa Tbk.","","","Pemantauan Khusus"
"GHON","Gihon Telekomunikasi Indonesia","","","Pengembangan"
"TDPM","Tianrong Chemicals Industry Tb","","","Pemantauan Khusus"
"DFAM","Dafam Property Indonesia Tbk.","","","Pengembangan"
"NICK","Charnic Capital Tbk.","","","Pengembangan"
"BTPS","Bank BTPN Syariah Tbk.","","","Utama"
"SPTO","Surya Pertiwi Tbk.","","","Utama"
"PRIM","Royal Prima Tbk.","","","Pengembangan"
"HEAL","Medikaloka Hermina Tbk.","Healthcare","LQ45|KOMPAS100","Utama"
"TRUK","Guna Timur Raya Tbk.","","","Pengembangan"
"PZZA","Sarimelati Kencana Tbk.","","","Pengembangan"
"TUGU","Asuransi Tugu Pratama Indonesi","","","Utama"
"MSIN","MNC Digital Entertainment Tbk.","","","Utama"
"SWAT","Sriwahana Adityakarta Tbk.","","","Pemantauan Khusus"
"TNCA","Trimuda Nuansa Citra Tbk.","","","Pengembangan"
"MAPA","Map Aktif Adiperkasa Tbk.","","","Utama"
"TCPI","Transcoal Pacific Tbk.","","","Pengembangan"
"IPCC","Indonesia Kendaraan Terminal T","","","Utama"
"RISE","Jaya Sukses Makmur Sentosa Tbk","","","Pengembangan"
"BPTR","Batavia Prosperindo Trans Tbk.","","","Pengembangan"
"POLL","Pollux Properties Indonesia Tb","","","Pemantauan Khusus"
"NFCX","NFC Indonesia Tbk.","","","Pengembangan"
"MGRO","Mahkota Group Tbk.","","","Pengembangan"
"NUSA","Sinergi Megah Internusa Tbk.","","","Pemantauan Khusus"
"FILM","MD Entertainment Tbk.","","","Utama"
"ANDI","Andira Agro Tbk.","","","Pemantauan Khusus"
"LAND","Trimitra Propertindo Tbk.","","","Pengembangan"
"MOLI","Madusari Murni Indah Tbk.","","","Pengembangan"
"PANI","Pantai Indah Kapuk Dua Tbk.","","","Utama"
"DIGI","Arkadia Digital Media Tbk.","","","Pemantauan Khusus"
"CITY","Natura City Developments Tbk.","","","Pengembangan"
"SAPX","Satria Antaran Prima Tbk.","","","Pengembangan"
"SURE","Super Energy Tbk.","","","Pengembangan"
"HKMU","HK Metals Utama Tbk.","","","Pemantauan Khusus"
"MPRO","Maha Properti Indonesia Tbk.","","","Pengembangan"
"DUCK","Jaya Bersama Indo Tbk.","","","Pemantauan Khusus"
"GOOD","Garudafood Putra Putri Jaya Tb","","","Utama"
"SKRN","Superkrane Mitra Utama Tbk.","","","Utama"
"YELO","Yelooo Integra Datanet Tbk.","","","Pengembangan"
"CAKK","Cahayaputra Asa Keramik Tbk.","","","Pengembangan"
"SATU","Kota Satu Properti Tbk.","","","Pengembangan"
"SOSS","Shield On Service Tbk.","","","Pemantauan Khusus"
"DEAL","Dewata Freightinternational Tb","","","Pemantauan Khusus"
"POLA","Pool Advista Finance Tbk.","","","Pengembangan"
"DIVA","Distribusi Voucher Nusantara T","","","Pengembangan"
"LUCK","Sentral Mitra Informatika Tbk.","","","Pengembangan"
"URBN","Urban Jakarta Propertindo Tbk.","","","Pemantauan Khusus"
"SOTS","Satria Mega Kencana Tbk.","","","Pengembangan"
"ZONE","Mega Perintis Tbk.","","","Pengembangan"
"PEHA","Phapros Tbk.","","","Pengembangan"
"FOOD","Sentra Food Indonesia Tbk.","","","Pemantauan Khusus"
"BEEF","Estika Tata Tiara Tbk.","","","Pengembangan"
"POLI","Pollux Hotels Group Tbk.","","","Pengembangan"
"CLAY","Citra Putra Realty Tbk.","","","Pengembangan"
"NATO","Olympus Strategic Indonesia Tb","","","Pengembangan"
"JAYA","Armada Berjaya Trans Tbk.","","","Pengembangan"
"COCO","Wahana Interfood Nusantara Tbk","","","Pengembangan"
"MTPS","Meta Epsi Tbk.","","","Pemantauan Khusus"
"CPRI","Capri Nusa Satu Properti Tbk.","","","Pemantauan Khusus"
"HRME","Menteng Heritage Realty Tbk.","","","Pemantauan Khusus"
"POSA","Bliss Properti Indonesia Tbk.","","","Pemantauan Khusus"
"JAST","Jasnita Telekomindo Tbk.","","","Pengembangan"
"FITT","Hotel Fitra International Tbk.","","","Pengembangan"
"BOLA","Bali Bintang Sejahtera Tbk.","","","Utama"
"CCSI","Communication Cable Systems In","","","Pengembangan"
"SFAN","Surya Fajar Capital Tbk.","","","Pengembangan"
"POLU","Golden Flower Tbk.","","","Pengembangan"
"KJEN","Krida Jaringan Nusantara Tbk.","","","Pengembangan"
"KAYU","Darmi Bersaudara Tbk.","","","Pemantauan Khusus"
"ITIC","Indonesian Tobacco Tbk.","","","Pengembangan"
"PAMG","Bima Sakti Pertiwi Tbk.","","","Pengembangan"
"IPTV","MNC Vision Networks Tbk.","","","Pemantauan Khusus"
"BLUE","Berkah Prima Perkasa Tbk.","","","Pengembangan"
"ENVY","Envy Technologies Indonesia Tb","","","Pemantauan Khusus"
"EAST","Eastparc Hotel Tbk.","","","Pengembangan"
"LIFE","MSIG Life Insurance Indonesia","","","Pengembangan"
"FUJI","Fuji Finance Indonesia Tbk.","","","Pengembangan"
"KOTA","DMS Propertindo Tbk.","","","Utama"
"INOV","Inocycle Technology Group Tbk.","","","Pengembangan"
"ARKA","Arkha Jayanti Persada Tbk.","","","Pemantauan Khusus"
"SMKL","Satyamitra Kemas Lestari Tbk.","","","Pengembangan"
"HDIT","Hensel Davest Indonesia Tbk.","","","Pengembangan"
"KEEN","Kencana Energi Lestari Tbk.","","","Utama"
"BAPI","Bhakti Agung Propertindo Tbk.","","","Pemantauan Khusus"
"TFAS","Telefast Indonesia Tbk.","","","Pengembangan"
"GGRP","Gunung Raja Paksi Tbk.","","","Pengembangan"
"OPMS","Optima Prima Metal Sinergi Tbk","","","Pengembangan"
"NZIA","Nusantara Almazia Tbk.","","","Pengembangan"
"SLIS","Gaya Abadi Sempurna Tbk.","","","Pengembangan"
"PURE","Trinitan Metals and Minerals T","","","Pemantauan Khusus"
"IRRA","Itama Ranoraya Tbk.","","","Pengembangan"
"DMMX","Digital Mediatama Maxima Tbk.","","","Pengembangan"
"SINI","Singaraja Putra Tbk.","","","Pemantauan Khusus"
"WOWS","Ginting Jaya Energi Tbk.","","","Pengembangan"
"ESIP","Sinergi Inti Plastindo Tbk.","","","Pengembangan"
"TEBE","Dana Brata Luhur Tbk.","","","Utama"
"KEJU","Mulia Boga Raya Tbk.","","","Utama"
"PSGO","Palma Serasih Tbk.","","","Utama"
"AGAR","Asia Sejahtera Mina Tbk.","","","Pengembangan"
"IFSH","Ifishdeco Tbk.","","","Pemantauan Khusus"
"REAL","Repower Asia Indonesia Tbk.","","","Pengembangan"
"IFII","Indonesia Fibreboard Industry","","","Pengembangan"
"PMJS","Putra Mandiri Jembar Tbk.","","","Pengembangan"
"UCID","Uni-Charm Indonesia Tbk.","","","Utama"
"GLVA","Galva Technologies Tbk.","","","Utama"
"PGJO","Bahtera Bumi Raya Tbk.","","","Pemantauan Khusus"
"AMAR","Bank Amar Indonesia Tbk.","","","Utama"
"CSRA","Cisadane Sawit Raya Tbk.","","","Pengembangan"
"INDO","Royalindo Investa Wijaya Tbk.","","","Pengembangan"
"AMOR","Ashmore Asset Management Indon","","","Pengembangan"
"TRIN","Perintis Triniti Properti Tbk.","","","Pengembangan"
"DMND","Diamond Food Indonesia Tbk.","","","Utama"
"PURA","Putra Rajawali Kencana Tbk.","","","Pemantauan Khusus"
"PTPW","Pratama Widya Tbk.","","","Pengembangan"
"TAMA","Lancartama Sejati Tbk.","","","Pengembangan"
"IKAN","Era Mandiri Cemerlang Tbk.","","","Pengembangan"
"SAMF","Saraswanti Anugerah Makmur Tbk","","","Utama"
"SBAT","Sejahtera Bintang Abadi Textil","","","Pemantauan Khusus"
"KBAG","Karya Bersama Anugerah Tbk.","","","Pemantauan Khusus"
"CBMF","Cahaya Bintang Medan Tbk.","","","Pemantauan Khusus"
"RONY","Aracord Nusantara Group Tbk.","","","Pengembangan"
"CSMI","Cipta Selera Murni Tbk.","","","Pengembangan"
"BBSS","Bumi Benowo Sukses Sejahtera T","","","Pengembangan"
"BHAT","Bhakti Multi Artha Tbk.","","","Pengembangan"
"CASH","Cashlez Worldwide Indonesia Tb","","","Akselerasi"
"TECH","Indosterling Technomedia Tbk.","","","Pemantauan Khusus"
"EPAC","Megalestari Epack Sentosaraya","","","Pengembangan"
"UANG","Pakuan Tbk.","","","Pengembangan"
"PGUN","Pradiksi Gunatama Tbk.","","","Pengembangan"
"SOFA","Solusi Environment Asia Tbk.","","","Akselerasi"
"PPGL","Prima Globalindo Logistik Tbk.","","","Akselerasi"
"TOYS","Sunindo Adipersada Tbk.","","","Pemantauan Khusus"
"SGER","Sumber Global Energy Tbk.","","","Utama"
"TRJA","Transkon Jaya Tbk.","","","Pengembangan"
"PNGO","Pinago Utama Tbk.","","","Utama"
"SCNP","Selaras Citra Nusantara Perkas","","","Pengembangan"
"BBSI","Krom Bank Indonesia Tbk.","","","Utama"
"KMDS","Kurniamitra Duta Sentosa Tbk.","","","Pengembangan"
"PURI","Puri Global Sukses Tbk.","","","Pengembangan"
"SOHO","Soho Global Health Tbk.","","","Pengembangan"
"HOMI","Grand House Mulia Tbk.","","","Pengembangan"
"ROCK","Rockfields Properti Indonesia","","","Pengembangan"
"ENZO","Morenzo Abadi Perkasa Tbk.","","","Pengembangan"
"PLAN","Planet Properindo Jaya Tbk.","","","Akselerasi"
"PTDU","Djasa Ubersakti Tbk.","","","Pemantauan Khusus"
"ATAP","Trimitra Prawara Goldland Tbk.","","","Pengembangan"
"VICI","Victoria Care Indonesia Tbk.","","","Utama"
"PMMP","Panca Mitra Multiperdana Tbk.","","","Pemantauan Khusus"
"BANK","Bank Aladin Syariah Tbk.","","","Pengembangan"
"WMUU","Widodo Makmur Unggas Tbk.","","","Pengembangan"
"EDGE","Indointernet Tbk.","","","Pengembangan"
"UNIQ","Ulima Nitra Tbk.","","","Pengembangan"
"BEBS","Berkah Beton Sadaya Tbk.","","","Pemantauan Khusus"
"SNLK","Sunter Lakeside Hotel Tbk.","","","Pengembangan"
"ZYRX","Zyrexindo Mandiri Buana Tbk.","","","Pengembangan"
"LFLO","Imago Mulia Persada Tbk.","","","Akselerasi"
"FIMP","Fimperkasa Utama Tbk.","","","Pemantauan Khusus"
"TAPG","Triputra Agro Persada Tbk.","","","Utama"
"NPGF","Nusa Palapa Gemilang Tbk.","","","Pengembangan"
"LUCY","Lima Dua Lima Tiga Tbk.","","","Akselerasi"
"ADCP","Adhi Commuter Properti Tbk.","","","Pengembangan"
"HOPE","Harapan Duta Pertiwi Tbk.","","","Pengembangan"
"MGLV","Panca Anugrah Wisesa Tbk.","","","Akselerasi"
"TRUE","Triniti Dinamik Tbk.","","","Pengembangan"
"LABA","Green Power Group Tbk.","","","Pengembangan"
"ARCI","Archi Indonesia Tbk.","","","Pengembangan"
"IPAC","Era Graharealty Tbk.","","","Akselerasi"
"MASB","Bank Multiarta Sentosa Tbk.","","","Utama"
"BMHS","Bundamedik Tbk.","","","Utama"
"FLMC","Falmaco Nonwoven Industri Tbk.","","","Akselerasi"
"NICL","PAM Mineral Tbk.","","","Pengembangan"
"UVCR","Trimegah Karya Pratama Tbk.","","","Pengembangan"
"BUKA","Bukalapak.com Tbk.","","","Ekonomi Baru"
"HAIS","Hasnur Internasional Shipping","","","Pengembangan"
"OILS","Indo Oil Perkasa Tbk.","","","Pengembangan"
"GPSO","Geoprima Solusi Tbk.","","","Pengembangan"
"MCOL","Prima Andalan Mandiri Tbk.","","","Utama"
"RSGK","Kedoya Adyaraya Tbk.","","","Pengembangan"
"RUNS","Global Sukses Solusi Tbk.","","","Akselerasi"
"SBMA","Surya Biru Murni Acetylene Tbk","","","Pengembangan"
"CMNT","Cemindo Gemilang Tbk.","","","Pengembangan"
"GTSI","GTS Internasional Tbk.","","","Pengembangan"
"IDEA","Idea Indonesia Akademi Tbk.","","","Akselerasi"
"KUAS","Ace Oldfields Tbk.","","","Pengembangan"
"BOBA","Formosa Ingredient Factory Tbk","","","Pengembangan"
"MTEL","Dayamitra Telekomunikasi Tbk.","Infrastructures","KOMPAS100","Utama"
"DEPO","Caturkarda Depo Bangunan Tbk.","","","Pengembangan"
"BINO","Perma Plasindo Tbk.","","","Pengembangan"
"CMRY","Cisarua Mountain Dairy Tbk.","Consumer Non-Cyclicals","KOMPAS100","Utama"
"WGSH","Wira Global Solusi Tbk.","","","Akselerasi"
"TAYS","Jaya Swarasa Agung Tbk.","","","Pengembangan"
"WMPP","Widodo Makmur Perkasa Tbk.","","","Pemantauan Khusus"
"RMKE","RMK Energy Tbk.","","","Utama"
"OBMD","OBM Drilchem Tbk.","","","Pengembangan"
"AVIA","Avia Avian Tbk.","","","Utama"
"IPPE","Indo Pureco Pratama Tbk.","","","Pemantauan Khusus"
"NASI","Wahana Inti Makmur Tbk.","","","Pengembangan"
"BSML","Bintang Samudera Mandiri Lines","","","Pengembangan"
"DRMA","Dharma Polimetal Tbk.","","","Utama"
"ADMR","Alamtri Minerals Indonesia Tbk","","","Utama"
"SEMA","Semacom Integrated Tbk.","","","Pengembangan"
"ASLC","Autopedia Sukses Lestari Tbk.","","","Pengembangan"
"NETV","MDTV Media Technologies Tbk.","","","Pengembangan"
"BAUT","Mitra Angkasa Sejahtera Tbk.","","","Pemantauan Khusus"
"ENAK","Champ Resto Indonesia Tbk.","","","Pengembangan"
"NTBK","Nusatama Berkah Tbk.","","","Pengembangan"
"SMKM","Sumber Mas Konstruksi Tbk.","","","Akselerasi"
"STAA","Sumber Tani Agung Resources Tb","","","Utama"
"NANO","Nanotech Indonesia Global Tbk.","","","Akselerasi"
"BIKE","Sepeda Bersama Indonesia Tbk.","","","Pengembangan"
"WIRG","WIR ASIA Tbk.","","","Pengembangan"
"SICO","Sigma Energy Compressindo Tbk.","","","Pengembangan"
"GOTO","GoTo Gojek Tokopedia Tbk.","Technology","LQ45|KOMPAS100","Pengembangan"
"TLDN","Teladan Prima Agro Tbk.","","","Utama"
"MTMH","Murni Sadar Tbk.","","","Utama"
"WINR","Winner Nusantara Jaya Tbk.","","","Pemantauan Khusus"
"IBOS","Indo Boga Sukses Tbk.","","","Akselerasi"
"OLIV","Oscar Mitra Sukses Sejahtera T","","","Akselerasi"
"ASHA","Cilacap Samudera Fishing Indus","","","Pengembangan"
"SWID","Saraswanti Indoland Developmen","","","Pengembangan"
"TRGU","Cerestar Indonesia Tbk.","","","Utama"
"ARKO","Arkora Hydro Tbk.","","","Pengembangan"
"CHEM","Chemstar Indonesia Tbk.","","","Pengembangan"
"DEWI","Dewi Shri Farmindo Tbk.","","","Pengembangan"
"AXIO","Tera Data Indonusa Tbk.","","","Pengembangan"
"KRYA","Bangun Karya Perkasa Jaya Tbk.","","","Pengembangan"
"HATM","Habco Trans Maritima Tbk.","","","Utama"
"RCCC","Utama Radar Cahaya Tbk.","","","Akselerasi"
"GULA","Aman Agrindo Tbk.","","","Pengembangan"
"JARR","Jhonlin Agro Raya Tbk.","","","Utama"
"AMMS","Agung Menjangan Mas Tbk.","","","Akselerasi"
"RAFI","Sari Kreasi Boga Tbk.","","","Pemantauan Khusus"
"KKES","Kusuma Kemindo Sentosa Tbk.","","","Pemantauan Khusus"
"ELPI","Pelayaran Nasional Ekalya Purn","","","Utama"
"EURO","Estee Gold Feet Tbk.","","","Akselerasi"
"KLIN","Klinko Karya Imaji Tbk.","","","Akselerasi"
"TOOL","Rohartindo Nusantara Luas Tbk.","","","Pengembangan"
"BUAH","Segar Kumala Indonesia Tbk.","","","Pengembangan"
"CRAB","Toba Surimi Industries Tbk.","","","Pengembangan"
"MEDS","Hetzer Medical Indonesia Tbk.","","","Pengembangan"
"COAL","Black Diamond Resources Tbk.","","","Pemantauan Khusus"
"PRAY","Famon Awal Bros Sedaya Tbk.","","","Utama"
"CBUT","Citra Borneo Utama Tbk.","","","Utama"
"BELI","Global Digital Niaga Tbk.","","","Pengembangan"
"MKTR","Menthobi Karyatama Raya Tbk.","","","Utama"
"OMED","Jayamas Medica Industri Tbk.","","","Utama"
"BSBK","Wulandari Bangun Laksana Tbk.","","","Pengembangan"
"PDPP","Primadaya Plastisindo Tbk.","","","Pengembangan"
"KDTN","Puri Sentul Permai Tbk.","","","Pengembangan"
"ZATA","Bersama Zatta Jaya Tbk.","","","Pengembangan"
"NINE","Techno9 Indonesia Tbk.","","","Akselerasi"
"MMIX","Multi Medika Internasional Tbk","","","Pengembangan"
"PADA","Personel Alih Daya Tbk.","","","Pengembangan"
"ISAP","Isra Presisi Indonesia Tbk.","","","Akselerasi"
"VTNY","Venteny Fortuna International","","","Pengembangan"
"SOUL","Mitra Tirta Buwana Tbk.","","","Akselerasi"
"ELIT","Data Sinergitama Jaya Tbk.","","","Pengembangan"
"BEER","Jobubu Jarum Minahasa Tbk.","","","Pengembangan"
"CBPE","Citra Buana Prasida Tbk.","","","Pengembangan"
"SUNI","Sunindo Pratama Tbk.","","","Utama"
"CBRE","Cakra Buana Resources Energi T","","","Pengembangan"
"WINE","Hatten Bali Tbk.","","","Pengembangan"
"BMBL","Lavender Bina Cendikia Tbk.","","","Akselerasi"
"PEVE","Penta Valent Tbk.","","","Pengembangan"
"LAJU","Jasa Berdikari Logistics Tbk.","","","Pengembangan"
"FWCT","Wijaya Cahaya Timber Tbk.","","","Pengembangan"
"NAYZ","Hassana Boga Sejahtera Tbk.","","","Akselerasi"
"IRSX","Folago Global Nusantara Tbk.","","","Pengembangan"
"PACK","Abadi Nusantara Hijau Investam","","","Akselerasi"
"VAST","Vastland Indonesia Tbk.","","","Pengembangan"
"CHIP","Pelita Teknologi Global Tbk.","","","Akselerasi"
"HALO","Haloni Jane Tbk.","","","Pengembangan"
"KING","Hoffmen Cleanindo Tbk.","","","Akselerasi"
"PGEO","Pertamina Geothermal Energy Tb","","","Utama"
"FUTR","Futura Energi Global Tbk.","","","Pengembangan"
"HILL","Hillcon Tbk.","","","Pemantauan Khusus"
"BDKR","Berdikari Pondasi Perkasa Tbk.","","","Utama"
"PTMP","Mitra Pack Tbk.","","","Pengembangan"
"SAGE","Saptausaha Gemilangindah Tbk.","","","Pemantauan Khusus"
"TRON","Teknologi Karya Digital Nusa T","","","Pengembangan"
"CUAN","Petrindo Jaya Kreasi Tbk.","","","Utama"
"NSSS","Nusantara Sawit Sejahtera Tbk.","","","Pengembangan"
"GTRA","Grahaprima Suksesmandiri Tbk.","","","Pengembangan"
"HAJJ","Arsy Buana Travelindo Tbk.","","","Akselerasi"
"JATI","Informasi Teknologi Indonesia","","","Pengembangan"
"TYRE","King Tire Indonesia Tbk.","","","Pengembangan"
"MPXL","MPX Logistics International Tb","","","Pengembangan"
"SMIL","Sarana Mitra Luas Tbk.","","","Utama"
"KLAS","Pelayaran Kurnia Lautan Semest","","","Pengembangan"
"MAXI","Maxindo Karya Anugerah Tbk.","","","Pengembangan"
"VKTR","VKTR Teknologi Mobilitas Tbk.","","","Pengembangan"
"RELF","Graha Mitra Asia Tbk.","","","Akselerasi"
"AMMN","Amman Mineral Internasional Tb","Basic Materials","IDX30|LQ45|KOMPAS100","Utama"
"CRSN","Carsurin Tbk.","","","Pengembangan"
"GRPM","Graha Prima Mentari Tbk.","","","Akselerasi"
"WIDI","Widiant Jaya Krenindo Tbk.","","","Akselerasi"
"TGUK","Platinum Wahab Nusantara Tbk.","","","Pemantauan Khusus"
"INET","Sinergi Inti Andalan Prima Tbk","","","Pengembangan"
"MAHA","Mandiri Herindo Adiperkasa Tbk","","","Utama"
"RMKO","Royaltama Mulia Kontraktorindo","","","Pengembangan"
"CNMA","Nusantara Sejahtera Raya Tbk.","","","Pengembangan"
"FOLK","Multi Garam Utama Tbk.","","","Pengembangan"
"HBAT","Minahasa Membangun Hebat Tbk.","","","Akselerasi"
"GRIA","Ingria Pratama Capitalindo Tbk","","","Pengembangan"
"PPRI","Paperocks Indonesia Tbk.","","","Pengembangan"
"ERAL","Sinar Eka Selaras Tbk.","","","Utama"
"CYBR","ITSEC Asia Tbk.","","","Pengembangan"
"MUTU","Mutuagung Lestari Tbk.","","","Pengembangan"
"LMAX","Lupromax Pelumas Indonesia Tbk","","","Akselerasi"
"HUMI","Humpuss Maritim Internasional","","","Pengembangan"
"MSIE","Multisarana Intan Eduka Tbk.","","","Pemantauan Khusus"
"RSCH","Charlie Hospital Semarang Tbk.","","","Pengembangan"
"BABY","Multitrend Indo Tbk.","","","Pengembangan"
"AEGS","Anugerah Spareparts Sejahtera","","","Akselerasi"
"IOTF","Sumber Sinergi Makmur Tbk.","","","Pengembangan"
"KOCI","Kokoh Exa Nusantara Tbk.","","","Pengembangan"
"PTPS","Pulau Subur Tbk.","","","Pengembangan"
"BREN","Barito Renewables Energy Tbk.","","","Utama"
"STRK","Lovina Beach Brewery Tbk.","","","Pengembangan"
"KOKA","Koka Indonesia Tbk.","","","Pengembangan"
"LOPI","Logisticsplus International Tb","","","Akselerasi"
"UDNG","Agro Bahari Nusantara Tbk.","","","Akselerasi"
"RGAS","Kian Santang Muliatama Tbk.","","","Pengembangan"
"MSTI","Mastersystem Infotama Tbk.","","","Utama"
"IKPM","Ikapharmindo Putramas Tbk.","","","Pengembangan"
"AYAM","Janu Putra Sejahtera Tbk.","","","Pengembangan"
"SURI","Maja Agung Latexindo Tbk.","","","Pengembangan"
"ASLI","Asri Karya Lestari Tbk.","","","Pengembangan"
"GRPH","Griptha Putra Persada Tbk.","","","Pengembangan"
"SMGA","Sumber Mineral Global Abadi Tb","","","Pengembangan"
"UNTD","Terang Dunia Internusa Tbk.","","","Pengembangan"
"TOSK","Topindo Solusi Komunika Tbk.","","","Pengembangan"
"MPIX","Mitra Pedagang Indonesia Tbk.","","","Pengembangan"
"ALII","Ancara Logistics Indonesia Tbk","","","Utama"
"MKAP","Multikarya Asia Pasifik Raya T","","","Pengembangan"
"MEJA","Harta Djaya Karya Tbk.","","","Akselerasi"
"LIVE","Homeco Victoria Makmur Tbk.","","","Pengembangan"
"HYGN","Ecocare Indo Pasifik Tbk.","","","Pengembangan"
"BAIK","Bersama Mencapai Puncak Tbk.","","","Pengembangan"
"VISI","Satu Visi Putra Tbk.","","","Pengembangan"
"AREA","Dunia Virtual Online Tbk.","","","Pengembangan"
"MHKI","Multi Hanna Kreasindo Tbk.","","","Pengembangan"
"ATLA","Atlantis Subsea Indonesia Tbk.","","","Pengembangan"
"DATA","Remala Abadi Tbk.","","","Pengembangan"
"SOLA","Xolare RCR Energy Tbk.","","","Pengembangan"
"BATR","Benteng Api Technic Tbk.","","","Pengembangan"
"SPRE","Soraya Berjaya Indonesia Tbk.","","","Akselerasi"
"PART","Cipta Perdana Lancar Tbk.","","","Pengembangan"
"GOLF","Intra Golflink Resorts Tbk.","","","Utama"
"ISEA","Indo American Seafoods Tbk.","","","Pengembangan"
"BLES","Superior Prima Sukses Tbk.","","","Pengembangan"
"GUNA","Gunanusa Eramandiri Tbk.","","","Pengembangan"
"LABS","UBC Medical Indonesia Tbk.","","","Pengembangan"
"DOSS","Global Sukses Digital Tbk.","","","Pengembangan"
"NEST","Esta Indonesia Tbk.","","","Pengembangan"
"PTMR","Master Print Tbk.","","","Pemantauan Khusus"
"VERN","Verona Indah Pictures Tbk.","","","Pengembangan"
"DAAZ","Daaz Bara Lestari Tbk.","","","Utama"
"BOAT","Newport Marine Services Tbk.","","","Pengembangan"
"NAIK","Adiwarna Anugerah Abadi Tbk.","","","Pengembangan"
"AADI","Adaro Andalan Indonesia Tbk.","","","Utama"
"MDIY","Daya Intiguna Yasa Tbk.","","","Utama"
"KSIX","Kentanix Supra International T","","","Pengembangan"
"RATU","Raharja Energi Cepu Tbk.","","","Pengembangan"
"YOII","Asuransi Digital Bersama Tbk.","","","Pengembangan"
"HGII","Hero Global Investment Tbk.","","","Pengembangan"
"BRRC","Raja Roti Cemerlang Tbk.","","","Pengembangan"
"DGWG","Delta Giri Wacana Tbk.","","","Utama"
"CBDK","Bangun Kosambi Sukses Tbk.","","","Utama"
"OBAT","Brigit Biofarmaka Teknologi Tb","","","Pengembangan"
"MINE","Sinar Terang Mandiri Tbk.","","","Pengembangan"
"ASPR","Asia Pramulia Tbk.","","","Pengembangan"
"PSAT","Pancaran Samudera Transport Tb","","","Pengembangan"
"COIN","Indokripto Koin Semesta Tbk.","","","Pengembangan"
"CDIA","Chandra Daya Investasi Tbk.","","","Pengembangan"
"BLOG","Trimitra Trans Persada Tbk.","","","Utama"
"MERI","Merry Riana Edukasi Tbk.","","","Pengembangan"
"KAQI","Jantra Grupo Indonesia Tbk.","","","Pengembangan"
"YUPI","Yupi Indo Jelly Gum Tbk.","","","Utama"
"FORE","Fore Kopi Indonesia Tbk.","","","Pengembangan"
"MDLA","Medela Potentia Tbk.","","","Utama"
"DKHH","Cipta Sarana Medika Tbk.","","","Pengembangan"
"AYLS","Arkayana Lestari Grup Tbk.","","","Pengembangan"
"DADA","Diamond Citra Propertindo Tbk.","","","Pengembangan"
"ASPI","Andalan Sakti Primaindo Tbk.","","","Pengembangan"
"ESTA","Esta Multi Usaha Tbk.","","","Pengembangan"
"BESS","Batulicin Nusantara Maritim Tb","","","Pengembangan"
"AMAN","Makmur Berkah Amanda Tbk.","","","Pengembangan"
"CARE","Metro Healthcare Indonesia Tbk","","","Pengembangan"
"PIPA","Multi Makmur Lemindo Tbk.","","","Pengembangan"
"NCKL","Trimegah Bangun Persada Tbk.","Basic Materials","KOMPAS100","Pengembangan"
"MENN","Menn Teknologi Indonesia Tbk.","","","Pemantauan Khusus"
"AWAN","Era Digital Media Tbk.","","","Pengembangan"
"MBMA","Merdeka Battery Materials Tbk.","Basic Materials","KOMPAS100","Utama"
"RAAM","Tripar Multivision Plus Tbk.","","","Utama"
"DOOH","Era Media Sejahtera Tbk.","","","Pengembangan"
"CGAS","Citra Nusantara Gemilang Tbk.","","","Pengembangan"
"NICE","Adhi Kartiko Pratama Tbk.","","","Pengembangan"
"MSJA","Multi Spunindo Jaya Tbk.","","","Pengembangan"
"SMLE","Sinergi Multi Lestarindo Tbk.","","","Pengembangan"
"ACRO","Samcro Hyosung Adilestari Tbk.","","","Pengembangan"
"MANG","Manggung Polahraya Tbk.","","","Akselerasi"
"WIFI","Solusi Sinergi Digital Tbk.","","","Pengembangan"
"FAPA","FAP Agri Tbk.","","","Pengembangan"
"DCII","DCI Indonesia Tbk.","Technology","KOMPAS100","Pengembangan"
"KETR","Ketrosden Triasmitra Tbk.","","","Pengembangan"
"DGNS","Diagnos Laboratorium Utama Tbk","","","Pengembangan"
"UFOE","Damai Sejahtera Abadi Tbk.","","","Pengembangan"
"CHEK","Diastika Biotekindo Tbk.","","","Pengembangan"
"PMUI","Prima Multi Usaha Indonesia Tb","","","Pengembangan"
"EMAS","Merdeka Gold Resources Tbk.","","","Pengembangan"
"PJHB","Pelayaran Jaya Hidup Baru Tbk.","","","Pengembangan"
"RLCO","Abadi Lestari Indonesia Tbk.","","","Pengembangan"
"SUPA","Super Bank Indonesia Tbk.","","","Pengembangan"
"WBSA","BSA Logistics Indonesia Tbk.","","","Pengembangan"
"ADMF","Adira Dinamika Multi Finance T","","","Pengembangan"
"ADMG","Polychem Indonesia Tbk","","","Pengembangan"
"ADRO","Alamtri Resources Indonesia Tb","Energy","IDX30|LQ45|KOMPAS100","Utama"
"AGII","Samator Indo Gas Tbk.","","","Pengembangan"
"AGRO","Bank Raya Indonesia Tbk.","","","Utama"
"AGRS","Bank IBK Indonesia Tbk.","","","Pengembangan"
"AHAP","Asuransi Harta Aman Pratama Tb","","","Pengembangan"
"AIMS","Artha Mahiya Investama Tbk.","","","Pengembangan"
"PNSE","Pudjiadi & Sons Tbk.","","","Pengembangan"
"POLY","Asia Pacific Fibers Tbk","","","Pemantauan Khusus"
"POOL","Pool Advista Indonesia Tbk.","","","Pemantauan Khusus"
"PPRO","PP Properti Tbk.","","","Pemantauan Khusus"
